﻿{"cameraMode":{"drawMode":0,"name":"Shaded","section":"Shading Mode"},"sceneLighting":false,"audioPlay":false,"sceneViewState":{"showFog":true,"showMaterialUpdate":false,"showSkybox":true,"showFlares":true,"showImageEffects":true,"showParticleSystems":true},"in2DMode":false,"pivot":{"x":2.4106132984161379,"y":-0.40433794260025027,"z":0.7051601409912109},"rotation":{"x":-0.3510960638523102,"y":-0.6116532683372498,"z":0.6179323196411133,"w":-0.34754252433776858},"size":31.26956558227539,"orthographic":false}