﻿{"cameraMode":{"drawMode":0,"name":"Shaded","section":"Shading Mode"},"sceneLighting":false,"audioPlay":false,"sceneViewState":{"showFog":true,"showMaterialUpdate":false,"showSkybox":true,"showFlares":true,"showImageEffects":true,"showParticleSystems":true},"in2DMode":false,"pivot":{"x":-5.375088214874268,"y":1.638275146484375,"z":-2.1772992610931398},"rotation":{"x":-0.08538930118083954,"y":0.8989784717559815,"z":-0.2024277150630951,"w":-0.37900224328041079},"size":15.72767162322998,"orthographic":false}