﻿{"cameraMode":{"drawMode":0,"name":"Shaded","section":"Shading Mode"},"sceneLighting":false,"audioPlay":false,"sceneViewState":{"showFog":true,"showMaterialUpdate":false,"showSkybox":true,"showFlares":true,"showImageEffects":true,"showParticleSystems":true},"in2DMode":false,"pivot":{"x":0.1777200698852539,"y":2.225717067718506,"z":1.730794906616211},"rotation":{"x":-0.24101248383522035,"y":-0.3479015529155731,"z":0.09303765743970871,"w":-0.9012376666069031},"size":9.697433471679688,"orthographic":true}